start	end	text
0	7740	What do a broken AI reasoning circuit, an 11-hour analog watch, and a decentralized digital archive have in common?
8020	10440	I mean, on the surface, absolutely nothing.
10560	24280	Right. But they actually all reveal that having a piece of information, like possessing it mathematically like a file, just sitting dead on a hard drive, is entirely different from knowing how to find it or use it or, you know, reconstruct it.
24320	24860	Yeah, exactly.
25500	29120	So, welcome to the Deep Dive. We are jumping straight into the deep end today.
29120	41320	The mission for you listening right now is to track this fascinating, almost invisible thread that weaves through three incredibly dense but just mind-blowing documents that have been circulating recently.
41400	42480	Yeah, they are dense.
42680	48840	Very. We've got a pair of theoretical papers by Flishin looking at the hidden architectural failures of large language models.
49340	55760	Then we have this massive design spec for a, well, it's a massively distributed physics-bending web game called Happel Praxis.
56000	57340	Which is wild on its own.
57340	58480	Oh, completely wild.
58480	64960	And finally, we've got a constitutional specification for a global physical and digital commons called URFN.
65280	68640	You know, it sounds totally chaotic when you list them out like that.
68700	69280	It really does.
69460	72900	But there is this singular, profound through line here.
73520	81200	Each of these documents is just aggressively tearing down the idea that memory or knowledge is a static storage state.
81300	81480	Right.
81480	87080	They are forcing us to look at memory as an active, physical, and historical process.
87160	87380	Yes.
87380	104820	So if you've been following the current bottlenecks in AI transformer architectures or if you've been tracking the philosophical debates around digital preservation, you are going to see these domains collide today in a way that is incredibly clarifying.
104820	108580	I want to completely shift how we understand memory by the end of this.
108620	113000	So let's start with the AI side because I think this is where the symptom is the most obvious for people.
113120	114680	Yeah, it's the most relatable right now.
114820	115180	Exactly.
115500	120460	If you've spent any time working with these models, you've probably encountered the knowing-using gap.
120760	126200	This is what Flyxion tackles in their July 2026 essay, Knowing Without Using.
126200	130600	And to ground this, we're looking at the classic compound reasoning failure.
130620	130800	Right.
130880	132280	The Sydney and Canberra problem.
132420	132680	Yes.
132840	136300	Let's map out the failure state before we diagnose it.
136420	143780	So you take a model, and let's assume it already possesses the pre-training knowledge that Canberra is the capital of Australia.
144000	144200	Right.
144260	146100	That's already baked into its weights from the start.
146200	146560	Exactly.
147220	153620	You then run a fine-tuning pass on it to ensure it definitively memorizes that Sydney is located in Australia.
153620	156940	You test it, you ask, where is Sydney?
157560	159400	And it outputs Australia.
159620	161440	Okay, so the optimization worked.
161520	162360	It worked perfectly.
162780	169540	But then when you hit it with the composed prompt, you know, what is the capital of the country where Sydney is located?
170320	171200	It just chokes.
171440	172260	It totally fails.
172360	173820	And it doesn't just choke occasionally, right?
173840	177580	It fails across a massive variety of architectures and parameter counts.
177700	180120	Yeah, you can scale the model up by an order of magnitude.
180120	185200	And that qualitative lag in answering that composed question, it still persists.
185480	186520	Okay, let's untack this.
186820	195120	Because my initial instinct, and I think the instinct of a lot of developers listening, is that the fine-tuning somehow, like, catastrophically forgot the Canberra effect.
195200	195420	Right.
195420	207300	Or maybe the semantic phrasing of the prompt pushed the model into an activation space where the Sydney concept just overshadowed the Australia concept.
207580	207680	Yeah.
207780	209460	But that's not what's happening at all, is it?
209840	210720	No, not at all.
210780	216180	The information hasn't been overwritten, and it hasn't been pushed out of the model's representational space.
216340	216660	Okay.
216660	220820	The researchers proved this using a diagnostic technique called self-patching.
221240	224580	I know you're familiar with residual streams and transformers where...
224580	228660	Yeah, where each layer reads from and writes to a central communication channel, right?
228680	229200	Exactly.
229420	231920	So self-patching exploits that architecture.
232580	239360	During a forward pass of a prompt, the researchers capture the hidden state representation of a specific token at a specific layer.
239700	242540	So they literally grab the data mid-thought.
242540	243100	Exactly.
243520	250380	They grab it, then they run a different prompt, and manually inject that captured representation into a targeted layer of the new forward pass.
250540	250840	Wow.
250960	256600	So they're effectively overriding whatever the model was natively calculating at that exact coordinate.
256920	257280	Yes.
257700	262140	It's like doing microscopic surgery on the computation while it's actively running.
262460	263460	That is insane.
263700	264060	Yeah.
264260	268620	So they are taking the model's internal representation of Sydney is in Australia.
268960	269280	Right.
269280	271720	From a successful direct recall prompt.
271840	272060	Right.
272540	277940	And manually dropping it into the middle of the failing reasoning circuit for the compound prompt.
278200	278760	Precisely.
279100	287940	And they do this massive grid search, scanning every possible pair of source and target layers to build a topographical map of these relocations.
288140	288800	And what happens?
289120	290880	The results are stunning.
291340	297240	Long before the model can natively solve the compound reasoning prompt, the self-patching intervention succeeds.
297520	298200	Wait, really?
298200	298680	Yes.
298680	306240	By manually relocating the internal representation of the fact to a later layer, the model instantly outputs Canberra.
306240	307100	Oh, wow.
307560	308880	Which means the fact is there.
308960	309520	It's there.
309640	311540	And the computation to use the fact is there.
311540	316320	But the model's own natural forward pass is just, it's refusing to connect them.
316540	319200	Well, refusing anthropomorphizes it a bit too much.
319280	321600	But mathematically, yes, the route is missing.
321800	321900	Right.
322100	327580	And this requires us to introduce a highly specific term from the paper, which is admissibility.
327760	328000	Okay.
328080	328620	Laid on us.
328620	334400	When we usually talk about AI knowledge, we use the notation Z in X.
334800	341000	So Z is the factual representation, and X is the total representational space of the model.
341140	343540	So if it's in the space, we say the model knows it.
343660	343860	Right.
344000	346700	But Flyxion argues this is fundamentally insufficient.
346960	350560	The property that actually matters is Z in Adamar.
350560	355420	Where Adamar is the specific reasoning computation that actually requires the fact.
355420	355820	Yes.
356540	357820	Admissibility is in a state.
358080	359960	It's a directed relational property.
360560	369180	It's a three-placed relation between the state of the information, the specific insertion site in the network, and the computation that is still available after that site.
369300	369560	Okay.
369780	370080	I see.
370160	378760	If the natural forward pass doesn't physically route the vector to the computational operator that needs it exactly when it needs it, the fact is inadmissible.
379000	381180	It doesn't matter that it exists in X.
381180	385660	I was actually trying to come up with a physical analogy for this while reading it, and I want you to tell me where this breaks down.
385740	385940	Okay.
386100	386520	Let's hear it.
386700	388700	Let's say I own a highly specialized wrench.
389040	389560	I bought it.
389960	392800	It is currently locked in a shed at the back edge of my property.
393160	395380	So mathematically, I possess the wrench.
395600	395880	Right.
396020	397180	The wrench is Z.
397300	398300	Your property is X.
398300	399000	Z is an X.
399080	399500	Exactly.
399880	402920	Now, I'm under my kitchen sink trying to fix a leak.
403600	404900	That task is R.
405020	405300	Yeah.
405300	416860	If my natural problem-solving workflow doesn't route my brain to remember the shed, walk to the shed, retrieve the wrench, and bring it to the sink, the tool is mathematically useless.
417760	422040	I possess it, but it is not admissible to my plumbing workflow.
422320	423280	I'm following you.
423280	432760	But if a plumber, acting as the self-patching researcher, walks into the kitchen and literally hands me the wrench from the shed, I can fix the sink instantly.
432880	433580	Is that what's happening?
433780	438500	I'm not going to tell you it breaks down because it actually captures the core mechanical failure perfectly.
438720	439060	All awesome.
439080	444500	You have the resource, but you lack the routing mechanism that bridges the storage site to the deployment site.
444600	444820	Right.
445020	450140	But where we need to push that analogy further is asking why you didn't build a path to the shed in the first place.
450260	450980	Yeah, why didn't I?
450980	453240	This is where Flyxion looks at the training dynamics.
453820	457900	Is the neural network architecturally incapable of building that specific route?
458380	460960	Or did it just not build it during the optimization process?
461120	465480	Well, given that self-patching works, we know the architecture can support the computation.
466100	466900	The nodes exist.
467460	468780	The residual stream exists.
469160	471820	It's an unselected capability, not an impossible one.
471900	472420	Exactly.
472700	478060	Flyxion theorizes that this is an artifact of how gradient descent optimizes during fine-tuning.
478260	478760	How so?
478760	482520	When you are hammering the model with the fact Sydney is in Australia,
482520	488760	Australia, the loss function, the error signal telling the model to update its weights, is very high at first.
488800	489800	Because it doesn't know it yet.
489940	490200	Right.
490600	495480	The network wildly reorganizes its internal representations to minimize that error.
495480	502220	But the second it successfully memorizes the basic fact and can output Australia, the loss collapses towards zero.
502220	503860	Though the gradient signal starves.
504080	505560	The gradient starves.
506120	512600	The pressure that was forcing the network to keep building deeper, more robust internal connections suddenly vanishes.
512840	513760	That makes so much sense.
513900	517080	The immediate objective is satisfied, so the construction crew goes home.
517080	521260	The model has achieved the basic representation with the paper call's R model space,
521400	526800	but it abandons the routing architecture necessary to connect that fact to downstream reasoning tasks.
527120	529640	Because the route doesn't end up in the R train space.
530080	532420	The optimization pressure was too shallow.
532620	533380	You nailed it.
533500	539560	It's basically doing the bare minimum to pass the immediate test and clocking out before building the semantic bridges.
539560	541500	Which is very human of it, honestly.
541740	541940	Right.
542140	547060	And that leads directly into Flyxion's companion essay, Admissibility Unchained,
547280	551200	which attempts to measure exactly how long it takes to build those bridges.
551460	551840	Yes.
552040	558200	If routing is the bottleneck, we should be able to quantify the delay between memorization and generalization.
558400	558620	Right.
558700	562060	And they do this by looking at what they call the generalization time equation,
562320	565800	which is Tgen equals the maximum of Tk.
566120	567340	Let's break this down for the audience.
567340	571060	Okay, so generalization time isn't a single, uniform process.
571440	577260	If you have a chaining task where Entity A connects to Relay Entity B, which connects to Answer C,
577800	579400	you aren't building one bridge.
579680	580600	You are building multiple.
580900	583140	So in our Sydney example, Entity A is Sydney.
583580	585460	The Relay Entity B is Australia.
585980	587900	And the final answer, C, is Canberra.
588080	588520	Exactly.
588760	590800	For the model to output Canberra naturally,
591240	596160	it has to construct two distinct admissibility interfaces inside its forward pass.
596160	599780	The representation of Sydney must make Australia available to the stream.
600260	600560	Yes.
600680	605040	And then the representation of Australia must make Canberra available to the final output layers.
605140	606380	Okay, so it's a two-step hop.
606760	610620	And because these are two separate interfaces that need to form under training pressure,
610880	615980	the time it takes the model to generalize to finally answer the compound question correctly
615980	620440	is entirely dictated by the absolute slowest interface to form.
620440	626580	Ah, so you are taking the maximum time of the set of all required interfaces, which is TK.
626860	627260	Exactly.
627400	630580	This is where the empirical data in the paper is so revealing.
631000	633320	They looked at the temporal lag for these chaining tasks.
633880	636040	When they used low-rank adaptation, Laura R. Me,
636720	640620	the delay between memorizing the A to B fact and successfully chaining it to C
640620	644040	was 4.6 plus or minus 2.8 epochs.
644140	644460	Right.
644640	645820	And I want to hover on that variance.
645960	649540	Plus or minus 2.8 epochs on a mean of 4.6 is wild.
649540	652760	That is an incredibly noisy distribution.
653760	659500	If I'm looking at that variance, my first thought isn't this is a single mechanism struggling.
660180	664040	My thought is the underlying process isn't a normal distribution at all.
664400	667920	Which is exactly the insight derived from the bottleneck equation.
668440	674420	If chaining was a single delayed biological style maturation process within the network,
674420	680060	you would expect a standard normal distribution of delay times clustering tightly around the mean.
680380	680520	Right.
680680	681700	A nice bell curve.
681840	685440	But because it is governed by Tgen equals max of TK,
685640	690300	you are dealing with the maximum of two independent noisy variables.
690520	694000	It's like rolling two 20-sided dice and always taking the higher number.
694060	695100	That's a great way to put it.
695100	700740	Even if both dice are fair, the distribution of the maximum roll is going to be skewed and have a large variance
700740	707040	because you are constantly inheriting the randomness of whichever bridge happened to be harder to build on that specific training run.
707040	712920	In statistics, you'd start looking at extreme value theory, like a Gumbel distribution, to model this.
712920	722960	But the practical takeaway for you listening is that the variance is a massive neon sign proving that multiple independent bottlenecks are at play.
723960	728120	But here's the critical flaw in the original research that Flitchton points out.
728980	733080	The original self-patching scan didn't account for the second bridge.
733700	734180	Wait, right.
734440	741380	The original researchers anchored every single manual intervention at the token position for the head entity Sydney.
741580	742260	Yes.
742260	744780	They scooped up the Sydney representation and moved it around.
745480	751140	But if the bottleneck isn't the Sydney to Australia bridge, but rather the Australia to Canberra bridge,
751780	754240	scanning at the head entity will never reveal the problem.
754340	755900	It's a fundamental blind spot.
756380	758960	You are inspecting the first bridge for structural integrity,
759200	762860	but when the convoy doesn't arrive at the final destination, you just throw your hands up and say,
762960	764860	well, the delay is 4.6 epochs.
764960	769360	You never bothered to drive down the highway to see if the second bridge over the river was washed out.
769720	770160	Exactly.
770160	773480	So Flyxion proposes the second self-patching scan.
773940	781480	They argue we need to run the exact same grid search intervention, but anchored strictly at the relay entity Australia.
781480	787460	So this creates an entirely new taxonomy for diagnosing reasoning failures in AI.
787800	788620	It really does.
788980	795060	If you patch at the head entity and it recovers performance, you know the A to B interface was the bottleneck.
795120	795360	Right.
795360	801280	But if you patch at the relay entity and it suddenly recovers performance, you know the A to B interface formed perfectly.
801720	805160	But the B to C interface failed to hand off the computation.
805720	815180	This would completely explain why the original paper's crude preset fix repair heuristic failed to recover up to 42% of the potential performance on complex tasks.
815180	815700	Yes.
815820	818560	It was a patch designed exclusively for the first bridge.
818880	821040	It was mathematically blind to the second interface.
821160	825760	But Flyxion pushes this even further into a realm that I find philosophically thrilling.
825900	826640	Oh, lay it on me.
826640	834040	If we run the second scan and we successfully manually route the information, what exactly are we transporting across these bridges?
834060	836260	Oh, this is the factorial design experiment they propose.
836360	836600	Yes.
836600	841220	And this blew my mind when I was reading it because it gets to the heart of what the AI is actually thinking.
842040	847440	Are we literally scooping up the semantic concept of Australia and dropping it into the next layer?
847440	856680	Or are we just transporting a generic activation signal, like an alarm bell, that jolts the network into waking up the right circuit?
856900	862100	To isolate this, Flyxion proposes using matched relations with disjoint entities.
862220	863180	Okay. Give us an example.
863380	868340	You take two factual queries that share the exact same relational structure but completely different entities.
868980	870080	Let's use pharmacology.
870300	870800	Fact one.
871420	872900	Drug X causes effect Y.
873100	873600	Fact two.
874160	876040	Drug A causes effect B.
876040	879520	Okay, so they are both side effect relations but they share no vocabulary.
879800	880200	Exactly.
880520	886760	So you take the failing reasoning circuit for drug A, but instead of patching it with its own successful representation,
887340	891280	you patch it with the hidden representation captured from the prompt for drug X.
891380	894580	Wait, so you inject the hidden state of a completely different drug into the circuit?
894660	895140	Exactly.
895440	896660	Now, what happens?
896980	903820	If the model suddenly outputs effect Y the side effect of drug X, then we know the patch carried a specific semantic payload.
903820	906900	It essentially smuggled the direct answer across the bridge.
907080	907340	Yes.
907740	912980	But, and this is where it gets really interesting, what if the model outputs effect B?
913780	920360	What if injecting the hidden state of drug X somehow helps the model correctly find the side effect of drug A?
920500	920780	Right.
920780	925940	If that happens, it proves that the transported quantity isn't surface level content at all.
926440	929320	It is relation-specific computational machinery.
929540	930000	Oh, wow.
930200	932480	It means the patch didn't carry the answer.
932940	936820	It carried the routing instructions for how to execute a side effect lookup.
936940	938020	That is incredible.
938300	943140	It proves that the transformer isn't just a massive lookup table of memorized adjacent words.
943140	951400	No, it is dynamically building generalized abstract reasoning operators, and the self-patching is just kick-starting the operator.
951860	955140	We are literally talking about reverse engineering the thought bridges of an alien intelligence.
955860	956320	Pretty much.
956460	958140	And it all stems from this singular crisis.
959320	968200	AI models are currently designed to treat knowledge as a static state, as Z in X, rather than as an active continuous traversal of a graph.
968280	972120	They rely on the static payload rather than the history of how to get there.
972120	975740	Which is the perfect pivot point for our second document today.
976240	989880	Because if you look at the AI field struggling against the limitations of static exactness and hidden state databases, you have to ask, what would a system look like if it abandoned static state entirely?
990060	990380	Right.
990480	994400	What if a universe was constructed entirely out of traversal and history?
994720	995500	Interhappopraxis.
995700	995940	Yeah.
995940	1003600	This document is a design specification for a massively distributed, physics-bending web game set in the year 2400.
1003760	1004960	And it is so ambitious.
1005420	1006440	Unbelievably so.
1006980	1011740	Players are navigating a staggering environment of roughly 150,000 star systems.
1012320	1017000	And the first thing you notice is that the topology of this universe isn't a random procedural generation.
1017720	1022860	The star systems are derived directly from the hyperlinked structures of Wikipedia articles and scientific concepts.
1022860	1028560	The scale is immense, but it's the underlying engine architecture that makes this relevant to our deep dive today.
1028680	1028900	Right.
1029060	1032860	The foundational slogan of Haplopraxis is, history is the world.
1033480	1038000	And if you are a systems architect, you realize immediately that this is not a narrative metaphor.
1038300	1040180	It is a literal description of the code base.
1040180	1040840	Exactly.
1041300	1050200	In almost every digital environment we interact with, from an MMO to a banking app, there is a hidden database state acting as the ground truth.
1050480	1050660	Yeah.
1050800	1057660	If you harvest a resource in a game, a database flips a bit from resource available equals true to false.
1058560	1060160	State is the supreme authority.
1060660	1060900	Right.
1061240	1064540	But Haplopraxis completely obliterates that paradigm.
1064820	1065940	There is no hidden state.
1066340	1069360	The universe is nothing but an append-only event log.
1069360	1071380	That is so hard to wrap my head around.
1071660	1074680	The ontology of the game is entirely retrospective.
1075040	1081880	The order in which a player encounters things, the history of their traversal, dictates what can later be reconstructed about the world.
1082040	1084140	You never query the current state of a planet.
1084400	1084740	No.
1084920	1089640	You perform an autopsy on the event log to deduce what must be true based on what has happened.
1089780	1090040	Wow.
1090340	1096020	And to make a universe run with that state, the developers had to invent a completely new set of physical laws.
1096020	1101340	They rely on five primitive operators descended from a conceptual framework called SpherePop.
1101820	1103660	Which, these aren't buttons on a controller.
1103840	1104020	No.
1104220	1107080	They are the fundamental particles and forces of this universe.
1107480	1114040	We need to unpack these five primitives because they replace everything from collision detection to complex diplomacy.
1114040	1118900	The primitives are pop, refuse, bind, collapse, and scene.
1118900	1122080	Let's start with how the world is structured to use these.
1122460	1125020	So, the universe is nested in bubbles or scopes.
1125560	1131340	If you want to achieve an objective, let's say you are trying to access a restricted alien archive,
1131960	1136140	you have to navigate through outer boundary bubbles to reach the innermost bubble.
1136320	1140340	And if you successfully reach the inner bubble and interact with it, that triggers a collapse.
1140600	1140940	Okay.
1140940	1144200	A collapse is the evaluation of an objective subgraph.
1144540	1148880	You achieve the goal, the graph resolves, and the result is written to the history log.
1149080	1154280	But if you are clumsy and you just fly your ship blindly into the outer boundary bubble, you trigger a POP.
1154540	1154720	Right.
1154920	1158320	A POP forces a premature evaluation of the outer scope.
1158560	1159640	You broke the perimeter.
1160000	1162520	And the consequence of a POP is a scene event.
1162700	1163040	Exactly.
1163440	1167980	The outer scope evaluates, and it propagates information through the log that you are present.
1167980	1171300	Which completely changes how things like stealth work.
1172300	1179060	In a standard game, stealth is usually managed by a vision cone raycast and a state change from hidden to detected.
1179420	1183660	Yeah, but in haplopraxis, stealth is purely an evaluation order problem.
1183720	1184400	That's wild.
1184560	1189000	If you POP the outer bubble, the scene event is appended to the log.
1189580	1193140	The boundary isn't a physical wall, it is a logical threshold.
1193860	1195800	Careless traversal alerts the system.
1195800	1199600	Careful traversal preserves access to the inner collapse.
1199760	1204700	Which means computation, physics, and diplomacy are all exactly the same mechanic.
1204820	1205080	Yes.
1205920	1207140	But what about the other two primitives?
1207320	1208300	Refuse and bind.
1208620	1211440	How do you have physics without collision states?
1211760	1215820	Well, refuse is how the game handles boundary rejection without a collision mesh.
1215820	1227640	If you attempt an action that conflicts with the established event history, like trying to harvest a resource that your previous log entries show you already depleted the system, evaluates the history and triggers a refuse.
1227920	1230600	It rejects the coupling of your new action to the timeline.
1230720	1231200	Exactly.
1231380	1234740	It's physical solidity generated purely by logical contradiction.
1234740	1236800	And bind is the opposite.
1237200	1239420	Bind is the temporary coupling of histories.
1239700	1239980	Right.
1239980	1245860	If two players want to execute a complex, multi-ship maneuver, they don't lock their 3D models together.
1246260	1253940	They bind their event logs for a specific scope, meaning their actions evaluate sequentially together until the bind is dissolved.
1253940	1263560	It is an incredibly elegant way to build a universe, but here it demands a level of precision from the player that borders on exhausting.
1263740	1269640	Because to navigate these bubbles without triggering a P.O.P., players have to use a mechanic called blinking.
1270320	1272520	Which is essentially micro-jumping through the boundaries.
1272800	1276480	And here is where the game design steps into a massive philosophical debate.
1276480	1284500	Because players are humans, and humans get tired of manually blinking through millions of boundaries, the game introduces auto-blink.
1284980	1285300	Right.
1285500	1292420	If you manually perform a complex sequence of traversal actions successfully a few times, the system allows you to engage auto-blink.
1292500	1295000	It delegates that specific traversal pattern to the engine.
1295100	1295400	Yes.
1295820	1298540	And the design document leaves this as an open tension.
1299100	1301360	What is the definition of expertise in this universe?
1301360	1302080	Right.
1302400	1308260	Is an expert player someone who has the raw mechanical skill to manually blink through a hostile sector for 3 hours?
1308540	1318500	Or is an expert someone who understands the exact mathematical thresholds of the universe well enough to safely automate their traversal, freeing their cognitive load for higher order strategy?
1318720	1322740	I can't help but map that directly back to the AI models from Flyxion's paper.
1322940	1323680	Oh, absolutely.
1324120	1326600	The AI successfully automated its memorization.
1326880	1327960	The loss dropped to zero.
1328140	1330480	It auto-blinked the fact that Sydney is in Australia.
1330480	1330800	Yep.
1331360	1338220	But it failed to maintain the manual cognitive load required to build the complex routing to Canberra.
1338220	1339380	It delegated too early.
1339680	1341000	The parallel is exact.
1341360	1345720	And haplopraxis actively punishes players who delegate their perception too heavily.
1345900	1347020	Tell me about level zero.
1347220	1350340	So this is evident in what they call the level zero state.
1350580	1354360	The visual interface of the game is not a lush, high-fidelity rendering.
1354520	1355180	No, it's brutal.
1355180	1359520	It is sparse, outline-only, and deliberately unstable.
1359520	1363160	They describe perception itself as a maintenance game.
1363160	1374500	If you are hovering in space, looking at a distant space station, the outline of that station will gradually blur, thicken, and lose definition over time, right?
1374500	1375180	Exactly.
1375180	1378280	The engine degrades your visual information.
1378280	1390140	It forces the player to internalize that they never hold perfect information.
1390140	1390640	Never.
1391140	1394600	The event log of the universe is an exact, absolute truth.
1395060	1399900	But the player's interface with that log is permanently inexact, subjective, and decaying.
1399900	1402900	You aren't passively receiving a broadcast of the world.
1403640	1410480	You are continuously querying the log, performing micro-archaeology just to keep your immediate surroundings in focus.
1410640	1410820	Right.
1411000	1414020	Think about what that does to your brain after a few hours of play.
1414500	1417180	You are constantly fighting entropy just to see.
1417260	1418020	It's intense.
1418020	1423560	And if perception requires this active spatial maintenance, it creates a massive problem for the flow of time.
1423780	1425480	Oh, the time mechanics are my favorite part.
1425700	1439420	Because if I'm zoomed out, looking at a blurry map of a whole galaxy, and you are zoomed in tightly, actively maintaining the sharp outline of a single trading post, we are experiencing reality at vastly different scales.
1439800	1444500	This is where the game engine moves from experimental to deeply relativistic.
1444500	1448480	The developers instituted a zoom-based time-scaling formula.
1448600	1451460	T local equals F of Z times T global.
1451540	1451780	Yes.
1452220	1456800	The passage of local time is a function of your zoom level multiplied by global time.
1456980	1459760	So zooming in slows your local time down.
1459860	1460180	Right.
1460400	1468020	If you need to execute a hyper-precise trade negotiation or a delicate combat maneuver at a space station, you zoom in, and time dilates.
1468280	1470860	You are operating at the speed of molecular motion.
1470860	1477380	But if I need to move a fleet across four star systems, I zoom out, and my local time speeds up exponentially.
1477960	1481060	I'm watching planets orbit and stars drift in seconds.
1481160	1481700	It's beautiful.
1482020	1489660	And the designers note that this actually originated as a crude visualization constraint in early JavaScript solar system models decades ago.
1489820	1490040	Right.
1490100	1495860	Because you just can't visualize a planet's orbit and a ship's docking maneuver on the same temporal scale simultaneously.
1495860	1496460	Exactly.
1497400	1501360	But haplopraxis elevates that constraint into a core physical law.
1502080	1505100	Time is no longer a universal coordinate shared by the server.
1505180	1511820	Which means synchrony two players actually existing in the exact same present moment is the most scarce resource in the game.
1511980	1512380	It is.
1512580	1515820	In a normal MMO, gold or crafting materials are scarce.
1516080	1518380	And haplopraxis now is scarce.
1518640	1523520	If you want to interact with someone, you have to spend resources, specifically time crystals and texture crystals.
1523520	1528980	Just to reconcile your highly subjective local history with their local history and the global log.
1529080	1534400	You are literally spending currency to align your clocks so you can execute a bind or a trade.
1534560	1534840	Yes.
1535160	1540040	And because of this severe temporal distortion, players need a physical anchor to reality.
1540240	1546140	They need a way to gauge how divorced they are from real world time while operating in these deep zoom states.
1546260	1546520	Right.
1546760	1549200	Which leads us to the 11 hour analog watch.
1549360	1551600	This is one of my favorite details in the entire spec.
1551600	1558860	So the game operates on a compressed cycle where exactly 22 in-game hours pass during one 24-hour real world day.
1559120	1565260	The designers realized that if they created an analog watch face divided into 11 hours instead of 12,
1565720	1569840	the hour hand would complete exactly two full revolutions per day.
1569980	1572160	It creates a perfect mechanical sync.
1572620	1578120	The 11 hour watch tracks game time, but it stays perfectly aligned with real world time without any drift.
1578120	1583480	And they chose 11 hours specifically because the word haplopraxis has 11 letters.
1583880	1586440	It is such an obsessive, beautiful piece of design.
1586680	1589440	But it's not just a UI element in the corner of your screen.
1589860	1594280	When you are zoomed incredibly far in and time is slow to an absolute crawl,
1594960	1600060	you can look at the watch interface and see the second hand barely ticking, behaving like an hour hand.
1600260	1603700	It is a wordless, ambient signal of your temporal depth.
1603700	1612160	What's truly fascinating is that this design document outlines plans to manufacture these 11-hour watches as physical, real-world objects.
1612360	1613060	I want one.
1613200	1613420	Right.
1613620	1617660	It is an intentional bleeding of the game's coordinate system into physical reality,
1618100	1620280	serving as a tactile baseline for players.
1620460	1624380	And you need that baseline because the relativistic mechanics introduce horrifying risks.
1624460	1625580	Oh, the zoom abandonment.
1625800	1626160	Yes.
1626160	1629380	That gave me genuine anxiety reading this back.
1629660	1631080	Imagine you were playing.
1631880	1636520	You zoom all the way out to a macro-galactic view to check the position of a rival faction.
1637280	1641900	Your local time is now moving at thousands of years per real one minute.
1642040	1642920	And then the doorbell rings.
1643480	1645680	You step away from your keyboard to sign for a package.
1646000	1647680	You are gone for three minutes.
1648020	1651560	In the game, millions of years have passed for your empire.
1651560	1656280	And the consequences are catastrophic because the game is append only.
1656660	1659000	You cannot reload a previous save state.
1659140	1659420	No.
1659960	1663820	Automated factories you left running might strip mine an entire sector to dust.
1664380	1670500	Civilizations you seeded might evolve, fracture, invent terrible weapons, and annihilate themselves.
1670620	1676660	Leaving behind nothing but irradiated logs, all tracing back to a minor logistical decision you made before you walked to the front door.
1676660	1681540	When you return to your chair, you have to sift through the ruins of your own absence to figure out what happened.
1681880	1685480	It is a slow, deeply private, self-inflicted apocalypse.
1685900	1690040	Which stands in stark contrast to the other temporal failure mode in the game.
1690540	1691440	The global reset.
1691860	1692180	Right.
1692580	1695000	The spec includes a hard-coded kill switch.
1695520	1702100	Holding or spamming the G key on your keyboard triggers a universal reset to zero for all players simultaneously.
1702600	1704620	Wait, I need to emphasize this for everyone listening.
1705300	1706560	Any player can do this.
1706660	1707140	Any player.
1707340	1712640	If one exhausted player leans their elbow on their keyboard, the universe ends for everyone.
1712880	1714860	The entire active universe collapses.
1715100	1716980	And it doesn't just snap back instantly.
1717100	1717240	Yeah.
1717460	1719500	The recovery curve is logarithmic.
1719600	1719900	Yes.
1720200	1723500	It takes five real-world minutes to rebuild the present state.
1723500	1729720	It climbs back incredibly fast at first and then painfully, agonizingly slow as it approaches the now.
1730180	1732880	Everyone loses their immediate, unlogged progress.
1733220	1736300	Except for traversal paths that were safely delegated to auto-blink.
1736560	1743740	Functionally, this transforms a random, careless key press by a stranger into an unavoidable shared historical trauma.
1743740	1746000	It generates instant organic folklore.
1746000	1746500	Exactly.
1746500	1751880	The design document specifically anticipates players talking about the reset of June 17th.
1751880	1753380	It is an authored narrative.
1753380	1756780	It is a mechanical reality the community has to survive together.
1756780	1760560	This flips the entire paradigm of multiplayer games on its head.
1761120	1763620	Think about a massive game like World of Warcraft.
1763680	1763880	Right.
1764160	1767620	That architecture is shared space, private history.
1768240	1776460	We can all be standing in the exact same town square looking at the same tavern, but I am on level 10 of a questline and you are on level 50.
1776460	1781460	We are in the same spatial coordinate, but our historical realities are completely partitioned.
1782140	1783960	But Haploprax is the exact inverse.
1784560	1786300	Private space, shared history.
1786460	1786700	Yes.
1787180	1789960	Players are physically isolated by staggering distances.
1790580	1795200	Each assigned a unique hash somewhere in a 150,000 star map.
1795600	1798460	But they are permanently united through chronological consequences.
1799280	1800360	The event log is shared.
1800360	1800920	Exactly.
1801760	1813780	If you broadcast your presence by popping a bubble, other players light years away can analyze the log and start building stellar minefields or Dyson spheres in your projected path based purely on your historical footprint.
1813940	1814940	Everyone knows where you are.
1815040	1817020	Eventually, the conflict isn't about discovery.
1817260	1818300	It's about interpretation.
1818680	1825020	Which elevate Haplopraxis from a quirky simulation into a literal mechanical enactment of cognitive science.
1825160	1825920	Tell me about flares.
1825920	1831200	So how do players leave a mark in a universe that constantly resets and decays?
1831900	1832720	They use flares.
1833020	1834980	Flares are essentially distributed memory, right?
1835040	1835240	Right.
1835500	1838640	There are markers left behind by players that survive the resets.
1839280	1845080	Over decades of game time, these individual flares aggregate into civilization scale monuments.
1845580	1853800	When you stumble upon a flare network left by a player hundreds of years ago, it is not a glowing GPS waypoint telling you where to go.
1853800	1856040	No, it is a remnant of a traversal.
1856600	1860760	You have to read it archaeologically to deduce the intent of the player who left it.
1861340	1864540	And remember, the map itself is knowledge's geography.
1865120	1873460	Because the star system's map to Wikipedia topologies, flying through space is literally flying through a physical graph of human knowledge.
1873780	1877600	There is no starting zone, no privileged root node, no linear tech tree.
1877600	1881760	The document explicitly references Deville-Deleuze's concept of the rhizome, right?
1881860	1885560	Yes, a decentralized network where any point can connect to any other point.
1885780	1888540	That structural choice is vital for navigating the game.
1888980	1895720	But the cognitive framework driving how players actually perceive this rhizome is rooted in a specific piece of scientific research.
1895720	1907040	Right. The design document heavily cites a 2013 PNAS paper by Battaglia, Hemrick, and Tenenbaum on the Intuitive Physics Engine, or IPE.
1907320	1914100	I am so glad you brought this up because this is the theoretical linchpin that connects the game back to the AI failures we started with.
1914440	1917580	Break down the IPE paper for us. What is the core argument?
1917580	1925340	The Battaglia paper argues that humans do not understand physical reality by performing exhaustive symbolic computation.
1925660	1925820	Okay.
1926180	1936680	If I throw a baseball to you, your brain is not calculating exact parabolic equations, adjusting for wind resistance, air density, and the gravitational constant down to the sixth decimal place.
1936700	1943060	Right. If my brain had to process that math, the ball would hit me in the face before I carried the one. I just put my hand up where it feels right.
1943060	1948060	And that feeling right is your brain running approximate probabilistic mental simulations.
1948300	1949060	Which is fascinating.
1949280	1955860	The paper's most radical finding is that human beings actually match reality worse when they are given exact high-resolution coordinates,
1956160	1960820	and they match human judgment better when given realistically noisy approximate data.
1961180	1966420	Our brains are optimized for blurry outlines and probabilistic guesses, not high-resolution exactness.
1966500	1966940	Exactly.
1966940	1970200	The stat that blew my mind in that paper was the sample count.
1970200	1977180	They found that human judgments in physical scenarios are consistent with running only three to seven mental simulation samples.
1977260	1977920	That's all it takes.
1978200	1984580	Your brain runs three to seven quick, dirty, low-resolution guesses about where the ball will go, takes the average, and moves your hand.
1985060	1987840	Happopraxis weaponizes this cognitive reality.
1988260	1996840	It forces the player to constantly rely on their intuitive physics engine by making the visual perception inherently blurry, decaying, and imprecise.
1996840	2012680	It is an empirical argument backed by the paper's correlation numbers of rho equals 0.92 for the probabilistic model that history, approximation, and active traversal are more fundamental to lived understanding than accessing a ground truth database state.
2012800	2013160	Yes.
2013260	2016300	So bringing this full circle back to Flyxion's AI research.
2016360	2016780	Let's do it.
2016780	2025340	The AI is failing the compound reasoning task connecting Sydney to Canberra because it is fundamentally architected to rely on static exactness.
2025340	2030300	It stores the exact semantic token Australia in a digital bin.
2031000	2035800	But human minds and the players surviving in Happopraxis don't use bins.
2035800	2036480	No.
2036640	2041620	We use messy, probabilistic, historical traversals to understand reality.
2041880	2044700	We run three to seven blurry simulations of the graph.
2044980	2050780	The AI is failing because it's trying to be a perfect database when it actually needs to be an archaeologist.
2050900	2051400	Exactly.
2051760	2053880	The AI lacks the traversal history.
2054120	2055760	It abandoned the routing gradient.
2056040	2058800	It hasn't built the flare network between the nodes.
2058880	2060620	It just possesses the raw payloads.
2060620	2063780	Which are functionally useless without the relational infrastructure.
2063780	2067680	Which perfectly sets the stage for our third and final document.
2068140	2072340	Because we keep talking about how digital systems fail to capture active memory.
2072600	2076960	But we also talked about that 11-hour watch from Happopraxis escaping into the physical world.
2077000	2077240	Right.
2077460	2086060	Who actually has the authority and the infrastructure to manufacture a relativistic space game watch in the real world while maintaining the digital game state?
2086620	2090880	This brings us to the Universal Resource and Fabrication Network, or URFN.
2090980	2092200	Sometimes called the CCFA.
2092200	2097460	URFN is a massive working draft for a constitutional architecture specification.
2098180	2100360	It's essentially a blueprint for a global commons.
2100680	2107480	And its founding principle tackles the exact tension between the digital realm of the AI and the physical realm of the watch.
2108160	2111640	The asymmetry between digital abundance and physical scarcity.
2111640	2114480	Yes. The specification draws a hard line.
2115000	2124120	Digital information, the bytes of a file, copy it, analyzing it, transmitting it across the world, is treated as an environment of informational abundance.
2124320	2125680	It is essentially free for users.
2125900	2132220	Because once the infrastructure is built, the marginal cost of providing access to an existing digital object appreciates zero.
2132220	2134780	But physical realization is fundamentally different.
2135140	2143920	Manufacturing that 11-hour watch in a factory, or printing a physical book encoded in standard galactic script, consumes real, strictly limited resources.
2144020	2149180	It requires energy, raw materials, human labor, safety regulations, and physical delivery logistics.
2149180	2152500	Therefore, physical realizations must be sold.
2152940	2154720	They operate under a regime of scarcity.
2155240	2157680	And here is the economic engine of the whole system.
2158360	2165960	The revenue generated from selling those scarce physical objects is what finances the infrastructure that keeps the digital commons free.
2165960	2168680	But the network doesn't just pay people for uploading data.
2169080	2172660	You don't get a check for dumping a folder of memes into the archive.
2172820	2177780	No. You only get compensated for providing verified structural infrastructure.
2178040	2184360	Hosting storage, providing compute cycles, validating transactions, and operating the physical fabrication nodes.
2184580	2186420	It is a self-sustaining economic loop.
2187060	2194780	But the true innovation of URFN, the reason we are analyzing it today, is how it organizes the information within that digital commons.
2194780	2202360	To solve the routing and memory problems we've been discussing, they designed what they call the 7-Dimensional Object State Model, or OSM.
2202480	2207880	If you are designing a database right now, you need to listen to this, because it makes our current systems look like stone tools.
2208580	2214020	The vector they use to define an object state is O equals APVDTCG.
2214320	2216240	Let's contrast this with how we operate today.
2216740	2219420	Most cloud storage systems have two functional states.
2219920	2223320	Does the file exist? And is the permission set to public or private?
2223320	2228320	URFN recognizes that binary is completely inadequate for managing global memory.
2228660	2229700	Let's walk through the dimensions.
2230260	2231140	A is acceptance.
2232120	2235760	This just means the network has received the file and verified its integrity.
2236320	2237340	P is preservation.
2238300	2244180	This means the network has actually committed the physical storage resources, replicating it across multiple geographical nodes,
2244420	2247260	to guarantee it survives a catastrophic server failure.
2247260	2249040	V is availability.
2249760	2253120	Can an authorized user actually pull the file down right now?
2253520	2255480	So far, that sounds like standard cloud storage.
2255680	2259040	But the next four dimensions are where the architecture becomes revolutionary.
2259620	2261020	D is discoverability.
2261700	2264160	Does this object appear in search results?
2264160	2267600	Does it populate in the semantic neighborhoods of other files?
2268180	2269420	T is transformability.
2269920	2271060	Can this object be altered?
2271540	2273820	Can it be run through optical character recognition?
2274060	2275660	Can an AI model summarize it?
2275960	2277380	Can it be used as training data?
2277520	2279160	Or can it be formatted for physical printing?
2279620	2281260	C is commercial eligibility.
2281540	2283400	Can this object be used to generate revenue?
2283620	2285740	And finally, G is governance.
2286280	2290060	And we must emphasize that these seven dimensions are entirely orthogonal.
2290280	2293600	They are not a sequential pipeline where one unlocks the next.
2293600	2299320	You can mix and match them independently to create incredibly nuanced legal and technical states.
2299560	2300800	Let's use a complex example.
2301620	2306120	Say a hospital uploads a massive data set of medical imagery to URFN.
2306240	2306380	Okay.
2306760	2310260	That data set can be accepted and preserved for legal compliance.
2310920	2314220	It can be available only to specific authorized researchers.
2314620	2318220	It can be strictly non-discoverable, so it never shows up in a public query.
2318220	2328320	But it can be flagged as transformable for a specific statistical AI model looking for anomaly patterns while remaining strictly non-commercial.
2328820	2332900	Think about what that does to our current copyright and AI training nightmares.
2333140	2334480	It solves so much.
2334680	2341020	Right now, if you put a piece of art on the internet so it can be discovered, you are implicitly risking it being scraped for AI training.
2341020	2351620	But in URFN, you could upload a copyrighted song, set it to be preserved and heavily discoverable so fans can find it, but strictly disable transformability and commercial eligibility.
2352180	2357800	You can legally and technically separate the consent for search indexing from the consent for AI training.
2358220	2358540	Yes.
2358540	2361360	But wait, this brings up the seventh dimension, governance.
2361960	2374300	If I upload that hospital data set and I set transformability to yes, but commercial to know what if the hospital changes its policy five years later, how does the network handle changes to the vector?
2374580	2376480	That is exactly what governance solves.
2376700	2380500	The first six dimensions describe what actions are currently permitted on the object.
2380700	2380940	Right.
2381120	2385060	Governance describes who holds the cryptographic authority to change those permissions.
2385060	2390540	Can the hospital delegate a third-party ethics board to grant commercial rights later?
2390880	2397340	Can a public library preserve an object that it doesn't hold the governance rights to legally distribute?
2397500	2398020	Exactly.
2398540	2402620	Governance manages the grant authority independent of the file's current state.
2402860	2408440	So here is a scenario that immediately popped into my head when I read this, and I want to see how URFN handles it.
2408460	2409040	All right, lay it out.
2409040	2428940	Okay, I see where this is going.
2428940	2430300	What happens to the data?
2430600	2431720	Do the files merge?
2432240	2436640	Does my private photos suddenly get exposed because the network realizes they are identical?
2437060	2441940	This is where URFN introduces a massive paradigm shift in how we handle data architecture.
2442260	2445020	It separates identity into three distinct layers.
2445140	2445700	Okay, what are they?
2445800	2449100	First, you have IPayload, which is the raw bytes of the image file.
2449280	2455460	Second, you have IHistory, which contains the provenance, ownership signatures, permissions, and economic relationships.
2455760	2456380	And the third.
2456380	2462380	And third, you have iSemantic, which is the object's location in the network's relational embedding space.
2462520	2468040	So in my scenario, my private upload and my brother's public upload share the exact same IPayload.
2468620	2470860	A cryptographic hash proves the bytes are identical.
2471360	2477080	Yes, and the network is smart enough to only store those bytes once to save physical storage space.
2477720	2482540	But, and this is crucial, they remain two entirely distinct object records.
2482540	2487820	Your private object retains its restricted IHistory and remains non-discoverable.
2487980	2491940	His public object has a different IHistory and becomes publicly searchable.
2492200	2496740	They share a physical payload, but they remain legally and historically distinct entities.
2497000	2497740	That is brilliant.
2497860	2500580	It completely solves the deduplication privacy risk.
2500900	2505860	And the specification makes a huge point about iSemantic not being the canonical identity.
2505860	2506300	Right.
2506620	2513820	The semantic location, how the network categorizes the photo of the dog in relation to other images, is just derived index.
2514080	2521880	If URFN upgrades the AI model that organizes the archive next year, the file's location in the semantic manifold might shift drastically.
2522120	2524920	But its underlying identity and history don't change.
2525160	2528840	The archive can be completely re-indexed without the files being re-identified.
2528840	2532460	Which brings us to the ultimate synthesis of all three of these documents.
2533340	2542880	The URFN specification outlines a vital philosophical distinction that ties directly back to Flyxion's AI routing problem and Haplopraxis's history game.
2543000	2544360	They state it explicitly.
2544980	2549780	Existence does not equal preservation, and preservation does not equal remembering.
2550420	2550700	Yes.
2551320	2552440	Let that sink in for a second.
2553220	2556940	An object can exist on a local drive but not be preserved on the network.
2556940	2566960	But more importantly, an object can be preserved perfectly, replicated across 50 R drives, and still be completely forgotten if it is not indexed, findable, or related to anything else.
2567220	2572540	A preserved object that nobody can root to is archivally present, yet functionally absent.
2572940	2576260	The URFN architecture defines three escalating levels of care.
2576780	2578140	Storage preserves the object.
2578560	2580640	Replication survives hardware node failures.
2581220	2583360	But repair is what restores continuity.
2583360	2589420	If a node goes down and a file is brought back online from a backup, simply replacing the bytes isn't enough.
2589620	2589820	No.
2590100	2596800	If the file cannot be recontextualized into the semantic web, if the links connecting it to other knowledge are broken, it lacks continuity.
2597260	2598280	It is dead data.
2598560	2604180	Which introduces the most important economic concept in the URFN spec, semantic capital.
2604500	2608200	The true value of the network isn't the raw accumulation of files.
2608540	2611580	It's the relationships discovered and maintained between them.
2611580	2613140	The document gives a great example.
2613680	2618420	A raw dictionary, a massive corpus of unstructured text, and a translation model.
2619000	2621060	Individually, they have baseline value.
2621560	2627300	But combined and relationally linked, they generate exponentially more value than the sum of their parts.
2627880	2635760	Semantic capital is defined as the increase in navigability and interpretability generated by the active maintenance of relationships among objects.
2635900	2636540	And there it is.
2636540	2640900	That is the exact same concept as the AI routing from Flyxion's paper.
2641200	2642040	It really is.
2642220	2649540	The AI model had the payload, Sydney is in Australia, but it lacked the semantic capital, the admissibility route, to connect it to Canberra.
2650160	2652200	It had preservation, but it lacked remembering.
2652540	2656640	The mathematical vectors are useless without the semantic pathways connecting them.
2656640	2663320	And just like haplopraxis players leaving flares to build a distributed memory for future players to traverse,
2664120	2670040	URFN financially incentivizes indexers and curators to actively build semantic capital.
2670040	2676260	The network pays people to build the routes so the archive can actually be remembered, not just stored.
2676260	2684520	It all comes down to active maintenance, whether it's self-patching an AI, blinking through a collapsing universe, or indexing a global archive.
2684660	2690440	And the ultimate terminal form of active maintenance in URFN is the physical realization layer.
2690820	2696900	Because when the digital storage nodes churn, when the AL models go obsolete and the embedding spaces shift,
2697240	2703100	when some player hits the G key and resets the digital universe, the physical artifact survives.
2703100	2705620	The pipeline flows in one direction.
2706300	2714840	From information to knowledge to artifact to continuity, a printed book or an engraved 11-hour watch sitting on your desk is a continuity mechanism.
2714880	2717540	It is vastly harder to erase than a database entry.
2718380	2725500	URFN recognizes that physical goods aren't just merchandise to fund the servers, they are the terminal anchor of the entire memory system.
2725680	2727380	They are the flares we leave in the real world.
2727660	2729800	We have gone on an absolute journey today.
2729800	2737060	We started by diagnosing multi-billion parameter AI models failing basic logic puzzles,
2737560	2742180	because they store static facts without building the active computational routes between them.
2742340	2747520	Then we traveled to the year 2400 in a simulation where static state is a lie,
2747960	2750460	where time bends to your subjective zoom level.
2750640	2756400	And where players must perform continuous archaeology just to maintain a blurry vision of the universe.
2756400	2762400	And we landed in a constitutional framework for a global network that mathematically enforces the idea
2762400	2767800	that preserving a file is useless unless you actively build the semantic capital to remember it.
2768120	2771880	Ultimately anchoring that memory in scarce real-world objects.
2772240	2775040	It forces a complete redefinition of what it means to know something.
2775260	2777480	Knowledge is not a payload dropped into a bucket.
2777640	2778460	It is a pathway.
2778640	2780180	It is a history of traversals.
2780360	2782620	Which leaves me with this final thought for you to chew on today.
2783020	2786040	Think about your own memory of a highly specific childhood event.
2786040	2789940	A birthday party, a family vacation, a conversation with a grandparent.
2790120	2795860	When you recall it, are you accessing a static payload saved perfectly on a biological hard drive in your head?
2796140	2800880	Or are you, right now, playing the role of an archaeologist in your own mind,
2801440	2807140	reconstructing a blurry, inexact history, actively repairing the synaptic connections,
2807780	2811360	and generating a brand new semantic view just to remember what it felt like?
2811840	2813400	Maybe you aren't a database at all.
2813400	2817520	Maybe you're a flare network, constantly trying to leave a marker for your future self-defined.
2817780	2821220	That is a beautiful and slightly haunting way to look at it.
2821660	2823360	The maintenance never stops.
2824220	2826000	Thanks for taking the deep dive with us.
2826060	2827060	Yeah, thanks for listening.
2827360	2828020	We'll see you next time.
2828020	2828520	Bye.
2828580	2829060	Bye.
2829120	2829560	Bye.
2829580	2830120	Bye.
2830140	2830340	Bye.
2830480	2831020	Bye.
2831040	2831800	Bye.
2831920	2832520	Bye.
2833280	2833840	Bye.
2833860	2834640	Bye.
2834760	2836040	Bye.
2836240	2836880	Bye.
2836940	2838360	Bye.
2838540	2838560	Bye.
2842640	2842660	Bye.
2842700	2843120	Bye.
2843700	2844820	Bye.
2844920	2845800	Bye.
2845880	2846880	Bye.
2847000	2847180	Bye.
2847300	2847780	Bye.
2847820	2849120	Bye.
2849220	2849920	Bye.
2850080	2850280	Bye.
2850340	2850740	Bye.
2850800	2851240	Bye.
2851320	2851880	Bye.
2851960	2852440	Bye.
2852540	2853420	Bye.
2853900	2854340	Bye.
2854340	2854380	Bye.
2854400	2855240	Bye.
2855300	2856020	Bye.
2856060	2856460	Bye.
2856580	2856660	Bye.
